Workbook

Sheet Overview
A1: JoJo Bot v2.0 — Claude API Budget Model
A3: Purpose
A4: Estimate weekly Claude API spend for Jojo Bot v2.0 at three corpus sizes: 100 docs (Protein Sciences early), 500 docs (Protein Sciences full), 2000 docs (Nurix-wide). Covers ingest, compile (absorb loop), Q&A, and lint workstreams separately, plus one-time bootstrap costs.
A6: How to use
A7: All inputs live on the Assumptions sheet (blue text). Change pricing, token-per-unit, or operating assumptions there and the Weekly_Spend sheet recomputes. Per-scenario inputs (corpus size, queries/week) live at the top of Weekly_Spend itself so you can run what-if analyses without leaving that sheet.
A9: Key caveats
A10: 1. Pricing values are PLACEHOLDER estimates until Mateo confirms against the live Anthropic pricing page for Haiku 4.5 / Sonnet 4.6 / Opus 4.6. Cells highlighted yellow on Assumptions need to be updated before anyone takes these numbers to a budget meeting.
A12: 2. The weekly Opus contradiction sweep assumes a mid-corpus sample (~200K tokens of context). At 2000-doc scale the sweep will need chunking or prompt-caching to fit; raise the 'contradiction sweeps per week' assumption or the per-run input tokens accordingly.
A14: 3. Q&A volume (queries per week) is the single largest swing factor. Defaults scale with corpus (50 / 150 / 500) on the assumption that adoption grows alongside coverage. Update per your actual rollout plan.
A16: 4. Incremental rates (2% of corpus changes per week) come from PLAN.md §11 risk model. That is a rule-of-thumb, not measured. Replace with real churn data once Phase 1 ingest has run for ~4 weeks.
A18: Color coding (Assumptions sheet)
A19: Blue text = hardcoded input you can change
... A30: Last updated: 2026-04-22 (Phase 0 scaffold pass)

Sheet Assumptions
A1: Assumptions — all inputs live here
A3: Model pricing (USD per 1,000,000 tokens)
A4: Model | B4: Input $/M | C4: Output $/M | F4: Notes
A5: Claude Haiku 4.5 | B5: 1 | C5: 5 | F5: Cheap tier. Ingest summaries, light lint.
A6: Claude Sonnet 4.6 | B6: 3 | C6: 15 | F6: Default tier. Compile, Q&A, nightly lint.
A7: Claude Opus 4.6 | B7: 15 | C7: 75 | F7: Heavy tier. Weekly contradiction sweep.
A9: Per-unit token usage
A10: Workstream | B10: Unit | C10: Input tokens | D10: Output tokens | E10: Model
A11: Ingest summary | B11: per raw file | C11: 3000 | D11: 300 | E11: Haiku
A12: Compile (absorb loop) | B12: per raw entry (plan+write+verify+link) | C12: 48000 | D12: 5000 | E12: Sonnet
A13: Q&A (router + index-first) | B13: per user query | C13: 12000 | D13: 1500 | E13: Sonnet
A14: Nightly lint | B14: per wiki page per night | C14: 3000 | D14: 300 | E14: Sonnet
A15: Weekly contradiction sweep | B15: per run (whole-corpus sample) | C15: 200000 | D15: 5000 | E15: Opus
A18: Operating assumptions
A19: Wiki pages per raw doc (ratio) | B19: 0.6 | F19: One program or target often spans several raw files.
A20: Weekly incremental change rate | B20: 0.02 | F20: Per PLAN.md §11 — ~2% of corpus changes per week on average.
A21: Nightly lint runs per week | B21: 7 | F21: Default: every night.
A22: Contradiction sweeps per week | B22: 1 | F22: Opus-tier. Raise to 2–4 at 2000-doc scale.

Sheet Weekly_Spend
A1: Weekly Running Cost + One-Time Bootstrap Cost
A3: Scenario | B3: Protein Sciences early | C3: Protein Sciences full | D3: Nurix-wide
A4: Raw corpus size (docs) | B4: 100 | C4: 500 | D4: 2000
A5: Wiki pages (derived from ratio) | B5: =B4*Assumptions!$B$19 -> 60 | C5: =C4*Assumptions!$B$19 -> 300 | D5: =D4*Assumptions!$B$19 -> 1200
A6: Incremental raw docs / week | B6: =B4*Assumptions!$B$20 -> 2 | C6: =C4*Assumptions!$B$20 -> 10 | D6: =D4*Assumptions!$B$20 -> 40
A7: Queries / week (assumed) | B7: 50 | C7: 150 | D7: 500
A9: Weekly cost by workstream (USD)
A10: Ingest summaries (Haiku) | B10: =B6*(Assumptions!$C$11*Assumptions!$B$5+Assumptions!$D$11*Assumptions!$C$5)/1000000 -> 0.009 | C10: =C6*(Assumptions!$C$11*Assumptions!$B$5+Assumptions!$D$11*Assumptions!$C$5)/1000000 -> 0.045 | D10: =D6*(Assumptions!$C$11*Assumptions!$B$5+Assumptions!$D$11*Assumptions!$C$5)/1000000 -> 0.18
A11: Compile / absorb loop (Sonnet) | B11: =B6*(Assumptions!$C$12*Assumptions!$B$6+Assumptions!$D$12*Assumptions!$C$6)/1000000 -> 0.438 | C11: =C6*(Assumptions!$C$12*Assumptions!$B$6+Assumptions!$D$12*Assumptions!$C$6)/1000000 -> 2.19 | D11: =D6*(Assumptions!$C$12*Assumptions!$B$6+Assumptions!$D$12*Assumptions!$C$6)/1000000 -> 8.76
A12: Q&A (Sonnet) | B12: =B7*(Assumptions!$C$13*Assumptions!$B$6+Assumptions!$D$13*Assumptions!$C$6)/1000000 -> 2.925 | C12: =C7*(Assumptions!$C$13*Assumptions!$B$6+Assumptions!$D$13*Assumptions!$C$6)/1000000 -> 8.775 | D12: =D7*(Assumptions!$C$13*Assumptions!$B$6+Assumptions!$D$13*Assumptions!$C$6)/1000000 -> 29.25
A13: Nightly lint (Sonnet) | B13: =B5*Assumptions!$B$21*(Assumptions!$C$14*Assumptions!$B$6+Assumptions!$D$14*Assumptions!$C$6)/1000000 -> 5.67 | C13: =C5*Assumptions!$B$21*(Assumptions!$C$14*Assumptions!$B$6+Assumptions!$D$14*Assumptions!$C$6)/1000000 -> 28.35 | D13: =D5*Assumptions!$B$21*(Assumptions!$C$14*Assumptions!$B$6+Assumptions!$D$14*Assumptions!$C$6)/1000000 -> 113.4
A14: Contradiction sweep (Opus) | B14: =Assumptions!$B$22*(Assumptions!$C$15*Assumptions!$B$7+Assumptions!$D$15*Assumptions!$C$7)/1000000 -> 3.375 | C14: =Assumptions!$B$22*(Assumptions!$C$15*Assumptions!$B$7+Assumptions!$D$15*Assumptions!$C$7)/1000000 -> 3.375 | D14: =Assumptions!$B$22*(Assumptions!$C$15*Assumptions!$B$7+Assumptions!$D$15*Assumptions!$C$7)/1000000 -> 3.375
A16: TOTAL weekly spend | B16: =SUM(B10:B14) -> 12.417 | C16: =SUM(C10:C14) -> 42.735 | D16: =SUM(D10:D14) -> 154.965
A17: Annualized (× 52 weeks) | B17: =B16*52 -> 645.684 | C17: =C16*52 -> 2222.22 | D17: =D16*52 -> 8058.18
A19: One-time bootstrap costs (USD)
A20: Initial full ingest (Haiku) | B20: =B4*(Assumptions!$C$11*Assumptions!$B$5+Assumptions!$D$11*Assumptions!$C$5)/1000000 -> 0.45 | C20: =C4*(Assumptions!$C$11*Assumptions!$B$5+Assumptions!$D$11*Assumptions!$C$5)/1000000 -> 2.25 | D20: =D4*(Assumptions!$C$11*Assumptions!$B$5+Assumptions!$D$11*Assumptions!$C$5)/1000000 -> 9
A21: Initial full compile (Sonnet) | B21: =B4*(Assumptions!$C$12*Assumptions!$B$6+Assumptions!$D$12*Assumptions!$C$6)/1000000 -> 21.9 | C21: =C4*(Assumptions!$C$12*Assumptions!$B$6+Assumptions!$D$12*Assumptions!$C$6)/1000000 -> 109.5 | D21: =D4*(Assumptions!$C$12*Assumptions!$B$6+Assumptions!$D$12*Assumptions!$C$6)/1000000 -> 438
A23: TOTAL bootstrap (one-time) | B23: =SUM(B20:B21) -> 22.35 | C23: =SUM(C20:C21) -> 111.75 | D23: =SUM(D20:D21) -> 447
A26: Notes
A27: Blue = hardcoded input. Green = link from Assumptions sheet. Black = formula. Pricing on the Assumptions sheet is highlighted yellow until confirmed.
